{
    "learning_rate": 0.0035908486500814737,
    "metric": -52.74830591932934
}