{
    "learning_rate": 0.02421017924733205,
    "metric": -44.048770043296464
}