{
    "learning_rate": 0.02701542217373302,
    "metric": -39.948077216230665
}