{
    "learning_rate": 0.7132049052584992,
    "metric": -39.80801607833496
}