{
    "learning_rate": 0.03544869350619698,
    "metric": -19.35317132720183
}