{
    "performance": [
        -43.598498982930046,
        -43.80380284678885,
        -46.6321688807176,
        -28.3862226328639,
        -29.21986979972345,
        -29.398301701030775,
        -29.402862806192115,
        -29.997174025741554,
        -28.979204877768453,
        -28.997388709055404,
        -28.289128597754356,
        -29.87076134940298,
        -29.28737829804195,
        -28.315606514107966,
        -28.447258113119652,
        -29.706727363627586,
        -28.785537898258532,
        -27.917420406924315,
        -28.36175412636623,
        -29.044187006936767,
        -28.5344547937552,
        -29.26600586516871,
        -28.70092970449232,
        -30.125718338278052,
        -29.146973864046807,
        -28.501160654550958,
        -29.283065310048226,
        -26.34568426025718,
        -25.933497932430974,
        -25.32991500140608,
        -26.507373030215998,
        -26.070620095980185,
        -25.945942521480173,
        -26.01444998611795,
        -23.959560910101896,
        -23.659485954136514,
        -23.259716186817496,
        -24.206539168691325,
        -24.621559598374258,
        -23.070696448078422,
        -23.19797797825106,
        -23.40370012627096,
        -25.35707083053362,
        -23.806084763994413,
        -22.643578299218646,
        -22.967491729876222,
        -23.441794869946452,
        -23.980709706811844,
        -23.23384921830563,
        -23.690390975462424
    ],
    "best_theta": [
        -0.07207401428410218,
        -0.4929374617414668,
        0.19588993887558978,
        0.374449191051271,
        0.367520469057018
    ],
    "thetas_history": [
        [
            0.009363185075345972
        ],
        [
            -0.025554808692748936
        ],
        [
            0.28762095251681463,
            -0.27658753372115
        ],
        [
            0.30829315982472455,
            -0.27510777260452224
        ],
        [
            0.32252128369689537,
            -0.2815522401902954
        ],
        [
            0.334241893446273,
            -0.2899240703566915
        ],
        [
            0.3407019889628595,
            -0.29754928002593606
        ],
        [
            0.35141244880573513,
            -0.31383313109167527
        ],
        [
            0.36996551616693013,
            -0.32804361344010347
        ],
        [
            0.3770500087415641,
            -0.34113665642080443
        ],
        [
            0.3899029699223444,
            -0.34840051619037343
        ],
        [
            0.39503642928153826,
            -0.3650897992651675
        ],
        [
            0.4027732562591955,
            -0.368080688923575
        ],
        [
            0.405252060936685,
            -0.36825358075287595
        ],
        [
            0.41244160092527676,
            -0.3878482533722758
        ],
        [
            0.4186334420311777,
            -0.3888413657863162
        ],
        [
            0.4274398532470081,
            -0.3901007745095363
        ],
        [
            0.4321607968843557,
            -0.40550322446015036
        ],
        [
            0.4301092520354096,
            -0.4127402908013018
        ],
        [
            0.4380190481929478,
            -0.4235573456474418
        ],
        [
            0.4440180005900536,
            -0.42483334735662254
        ],
        [
            0.45121553801388536,
            -0.44757406304373554
        ],
        [
            0.4654178909070057,
            -0.4695274106784755
        ],
        [
            0.4824370839932192,
            -0.46931779200859464
        ],
        [
            0.4875216256480011,
            -0.4762920708129828
        ],
        [
            0.46872668232087256,
            -0.478194142826595
        ],
        [
            0.28762095251681463,
            -0.07338875464233977,
            -0.48717747115726334
        ],
        [
            0.30279242594694356,
            -0.07169193991152203,
            -0.4918845140797043
        ],
        [
            0.31285002854395205,
            -0.07061566382811818,
            -0.48530647756575945
        ],
        [
            0.31810377254595124,
            -0.06933141495293743,
            -0.47809764084601203
        ],
        [
            0.3351604925311163,
            -0.06798661990043749,
            -0.47617911137445945
        ],
        [
            0.34172519130571155,
            -0.06595540684249049,
            -0.4805952582607251
        ],
        [
            0.33912124139552874,
            -0.0651109900459815,
            -0.4813284613065156
        ],
        [
            -0.07338875464233977,
            -0.48717747115726334,
            0.3654810031646029,
            0.20611376458786085
        ],
        [
            -0.07253715297765399,
            -0.48741299427993207,
            0.37250542404256837,
            0.20306148392915183
        ],
        [
            -0.07159767343531111,
            -0.48978394810059217,
            0.3719219754964309,
            0.19958250685532808
        ],
        [
            -0.07013896344755001,
            -0.49236227161032914,
            0.386216672243004,
            0.19632405585738805
        ],
        [
            -0.07045774303996222,
            -0.49443530018973614,
            0.3888391885859885,
            0.19306605832829396
        ],
        [
            -0.06984331940551888,
            -0.5027112557254775,
            0.39556821945571524,
            0.1887960419255023
        ],
        [
            -0.0690153713731076,
            -0.4974726672975638,
            0.39480080991621136,
            0.1854398342212793
        ],
        [
            -0.07338875464233977,
            -0.48717747115726334,
            0.20611376458786085,
            0.36828778039585885,
            0.36165513372087016
        ],
        [
            -0.07266783894752243,
            -0.48943882599895466,
            0.20221917241912296,
            0.37447348742471603,
            0.3663858096868472
        ],
        [
            -0.07250960197173756,
            -0.4943242084898038,
            0.19933376429419244,
            0.377007962511934,
            0.36740619178407385
        ],
        [
            -0.07207401428410218,
            -0.4929374617414668,
            0.19588993887558978,
            0.374449191051271,
            0.367520469057018
        ],
        [
            -0.07338875464233977,
            -0.48717747115726334,
            0.20611376458786085,
            0.36828778039585885,
            0.3655993989530238,
            0.3572266368389031
        ],
        [
            -0.07244747916258225,
            -0.4965007575811157,
            0.20248929588624293,
            0.36676852091617473,
            0.3728297364636997,
            0.3569854182146979
        ],
        [
            -0.07133300695920677,
            -0.49776081413791856,
            0.1990373311593003,
            0.36954601456927355,
            0.38067111160305733,
            0.3568747056599967
        ],
        [
            -0.07096428150569946,
            -0.497424969010507,
            0.19579048815812847,
            0.3741637250330943,
            0.39111475125278233,
            0.3567206805281258
        ],
        [
            -0.07035296300102993,
            -0.5011428022371629,
            0.19220064904173043,
            0.3750226188710353,
            0.3898322326359752,
            0.35648651790755687
        ],
        [
            -0.06972039618818086,
            -0.5106459406313636,
            0.18894075128432883,
            0.3801616746282245,
            0.3919881861239004,
            0.35611660566208647
        ]
    ],
    "last_theta": [
        -0.06972039618818086,
        -0.5106459406313636,
        0.18894075128432883,
        0.3801616746282245,
        0.3919881861239004,
        0.35611660566208647
    ],